username,comment,videoid,title,views,likes,dislikes,polarity,label
UnderTails,This was only made 3 years ago but it already feels incredibly nostalgic.,Rewind 2016,YouTube Rewind: The Ultimate 2016 Challenge | #YouTubeRewind,236654813,3904159,563822,-0.25,negative
629,"Looking back, this was actually a masterpiece

Edit: for those of you who say that 2015, 2014, etc. was better, i think so too, i was just saying that this was way better than recent rewinds.",Rewind 2016,YouTube Rewind: The Ultimate 2016 Challenge | #YouTubeRewind,236654813,3904159,563822,0.2,positive
TaejinTM,It’s crazy how PewDiePie has more subs than YouTube themselves.,Rewind 2016,YouTube Rewind: The Ultimate 2016 Challenge | #YouTubeRewind,236654813,3904159,563822,-0.04999999999999999,negative
Najeeba Aslam,"If pewdiepie and minecraft is not in youtube rewind 2019, I swear I-",Rewind 2016,YouTube Rewind: The Ultimate 2016 Challenge | #YouTubeRewind,236654813,3904159,563822,0.0,neutral
Farida Farrag,Use me as a “I miss when YouTube made rewinds like these”,Rewind 2016,YouTube Rewind: The Ultimate 2016 Challenge | #YouTubeRewind,236654813,3904159,563822,0.0,neutral
Lanah Arioka,"I swear if Mr beast and his trees are not included in 2019 YouTube rewind, imma–",Rewind 2016,YouTube Rewind: The Ultimate 2016 Challenge | #YouTubeRewind,236654813,3904159,563822,0.0,neutral
Joy Hermann,"2016 sorry
2017 despacito
2018 fortnight 
2019 sorry no more to many dislikes",Rewind 2016,YouTube Rewind: The Ultimate 2016 Challenge | #YouTubeRewind,236654813,3904159,563822,-0.1875,negative
Astro naughty,"2016 me: That’s it?
2019 me: Okay, This was actually the best.",Rewind 2016,YouTube Rewind: The Ultimate 2016 Challenge | #YouTubeRewind,236654813,3904159,563822,0.5,positive
Mhd111 Mhd,I wanna cry watching this.... :( i dont know why but 2016 was the best year ever and best year in my life...,Rewind 2016,YouTube Rewind: The Ultimate 2016 Challenge | #YouTubeRewind,236654813,3904159,563822,0.4166666666666667,positive
Mrs. No Name Kid,This is probably the last good YouTube Rewind,Rewind 2016,YouTube Rewind: The Ultimate 2016 Challenge | #YouTubeRewind,236654813,3904159,563822,0.35,positive
Matthew Jackson,"I think everyone can agree that if pewdiepie is not in 2019 YouTube rewind, youtube will crash and never work again. Edit:(Btw this comment is 1 month old so know i didn't know that pewds would be in it)",Rewind 2016,YouTube Rewind: The Ultimate 2016 Challenge | #YouTubeRewind,236654813,3904159,563822,0.1,positive
Andrew Dele-Lawal,"The future is gonna be great 
2019: Surprised pikachu face😮",Rewind 2016,YouTube Rewind: The Ultimate 2016 Challenge | #YouTubeRewind,236654813,3904159,563822,0.3,positive
Street Smart,"If mr beast and pewdiepie aren't in rewind 2019 I'll move to Mars

Edit thanks for all the likes if this was subscribers it would change my life😂",Rewind 2016,YouTube Rewind: The Ultimate 2016 Challenge | #YouTubeRewind,236654813,3904159,563822,0.2,positive
No scoping nutcase 65,Everyone prepare your disliking fingers for 2019 cuz it’s gonna be a merry cringemas,Rewind 2016,YouTube Rewind: The Ultimate 2016 Challenge | #YouTubeRewind,236654813,3904159,563822,0.0,neutral
Zeeshan,"Who’s here after being disappointed watching 2018, and went to 2017 disappointed again?",Rewind 2016,YouTube Rewind: The Ultimate 2016 Challenge | #YouTubeRewind,236654813,3904159,563822,-0.75,negative
iggiplazer,"2010: oh a new thing c o o l
2011: oh again this is actually nice
2012: thanks youtube!
2013: i hope they never stop
2014: they are getting EVEN BETTER!
2015: WOW!
2016: cool
2017: u h h sure! its nice!
2018: please stop
2019: just, why",Rewind 2016,YouTube Rewind: The Ultimate 2016 Challenge | #YouTubeRewind,236654813,3904159,563822,0.43267045454545455,positive
Alexander Titov,This is even better than 2019 rewind,Rewind 2016,YouTube Rewind: The Ultimate 2016 Challenge | #YouTubeRewind,236654813,3904159,563822,0.5,positive
Sports HDッ,This is how many people want Pewdiepie to be  in the Yt rewind 2019,Rewind 2016,YouTube Rewind: The Ultimate 2016 Challenge | #YouTubeRewind,236654813,3904159,563822,0.5,positive
Fifa 20 TIPS,If they don't have an Endgame moment with YouTubers in 2019 imma cry,Rewind 2016,YouTube Rewind: The Ultimate 2016 Challenge | #YouTubeRewind,236654813,3904159,563822,0.0,neutral
Rex,Shush,Rewind 2016,YouTube Rewind: The Ultimate 2016 Challenge | #YouTubeRewind,236654813,3904159,563822,0.0,neutral
kawaiikalen,im scared for what's going to be in youtube rewind 2019,Rewind 2016,YouTube Rewind: The Ultimate 2016 Challenge | #YouTubeRewind,236654813,3904159,563822,0.0,neutral
gtm 19,Alguien del 2020 que piense que este fue un buen rewind y no como el del 2019?:u,Rewind 2016,YouTube Rewind: The Ultimate 2016 Challenge | #YouTubeRewind,236654813,3904159,563822,0.0,neutral
Hello There,"Noone:







Everyone in the comments: if [*insert name here*] isnt in yt rewind ill...",Rewind 2016,YouTube Rewind: The Ultimate 2016 Challenge | #YouTubeRewind,236654813,3904159,563822,-0.5,negative
PiGaming,"Youtube Rewind 2018: Exists
Youtube: ""Is it too late to say sorry now""",Rewind 2016,YouTube Rewind: The Ultimate 2016 Challenge | #YouTubeRewind,236654813,3904159,563822,-0.4,negative
Rozmarin,When youtube rewind was ok.,Rewind 2016,YouTube Rewind: The Ultimate 2016 Challenge | #YouTubeRewind,236654813,3904159,563822,0.5,positive
Katie Creates,Can we just talk about how happy the PPAP guy looked to be there,Rewind 2016,YouTube Rewind: The Ultimate 2016 Challenge | #YouTubeRewind,236654813,3904159,563822,0.8,positive
saad bin zia,Why the hell was 2019s rewind not like this !!!!,Rewind 2016,YouTube Rewind: The Ultimate 2016 Challenge | #YouTubeRewind,236654813,3904159,563822,0.0,neutral
Help me get to 500 subs plz,If ksi and Logan Paul are in 2019 rewind because of boxing.,Rewind 2016,YouTube Rewind: The Ultimate 2016 Challenge | #YouTubeRewind,236654813,3904159,563822,0.0,neutral
sir drew,Will never forget how lilly absolutely stole the light from everyone in this,Rewind 2016,YouTube Rewind: The Ultimate 2016 Challenge | #YouTubeRewind,236654813,3904159,563822,0.30000000000000004,positive
TheViktor,"Everyone: YouTube Rewind 2019 is trash
Youtube: Recommends 2016 Rewind",Rewind 2016,YouTube Rewind: The Ultimate 2016 Challenge | #YouTubeRewind,236654813,3904159,563822,0.0,neutral
PROT9N,"Me in 2016: I can't wait to watch next year's rewind.
Me in 2019: The old days were better",Rewind 2016,YouTube Rewind: The Ultimate 2016 Challenge | #YouTubeRewind,236654813,3904159,563822,0.19999999999999998,positive
Shiru Otakuno,"""Those were the glory days...""",Rewind 2016,YouTube Rewind: The Ultimate 2016 Challenge | #YouTubeRewind,236654813,3904159,563822,0.0,neutral
sunshine hope,"""dAmN Daniel"" nostalgia hitz me",Rewind 2016,YouTube Rewind: The Ultimate 2016 Challenge | #YouTubeRewind,236654813,3904159,563822,0.0,neutral
Dinesh Thakur,Anyone here cus it's way better than the 2018  ?,Rewind 2016,YouTube Rewind: The Ultimate 2016 Challenge | #YouTubeRewind,236654813,3904159,563822,0.5,positive
urmom,They should’ve put “Sorry” in YouTube rewind 2019,Rewind 2016,YouTube Rewind: The Ultimate 2016 Challenge | #YouTubeRewind,236654813,3904159,563822,-0.5,negative
Reversed Music,Porque no han podido hacer esto en el 2019???,Rewind 2016,YouTube Rewind: The Ultimate 2016 Challenge | #YouTubeRewind,236654813,3904159,563822,0.0,neutral
Han Solo,I bet 2019 rewind won’t have pewdiepie but have T-Series,Rewind 2016,YouTube Rewind: The Ultimate 2016 Challenge | #YouTubeRewind,236654813,3904159,563822,0.0,neutral
TheSlayer150,"Searched up “Best YouTube Rewind” and this popped up. I’m not even mad, compared to this years shittest one.",Rewind 2016,YouTube Rewind: The Ultimate 2016 Challenge | #YouTubeRewind,236654813,3904159,563822,0.1875,positive
pumpkin 99997,Back when they used Youtubers that people knew existed,Rewind 2016,YouTube Rewind: The Ultimate 2016 Challenge | #YouTubeRewind,236654813,3904159,563822,0.0,neutral
Huzzi 981,Just reminiscing the good old days before 2019 rewind comes out,Rewind 2016,YouTube Rewind: The Ultimate 2016 Challenge | #YouTubeRewind,236654813,3904159,563822,0.39999999999999997,positive
Fandom Stuff,1:07 I never really realized that Scott sterling was here lol ( ik his Name is Matt),Rewind 2016,YouTube Rewind: The Ultimate 2016 Challenge | #YouTubeRewind,236654813,3904159,563822,0.35000000000000003,positive
Holly,"2019... The year of Tik Tok, VSCO girls, Area 51, the bottle cap challenge, ""thank u next"" and of course the end of a decade. Can't wait for the next YouTube Rewind......... 😐",Rewind 2016,YouTube Rewind: The Ultimate 2016 Challenge | #YouTubeRewind,236654813,3904159,563822,0.0,neutral
тυ тισ εяιcк,Se que buscabas un comentario en español :v,Rewind 2016,YouTube Rewind: The Ultimate 2016 Challenge | #YouTubeRewind,236654813,3904159,563822,0.0,neutral
Rogue Roller 69,"The last actually good rewind
Reason : the last one pewdiepie was in",Rewind 2016,YouTube Rewind: The Ultimate 2016 Challenge | #YouTubeRewind,236654813,3904159,563822,0.2333333333333333,positive
Neno Ilic,The sidemen have to be in the 2019 YouTube rewind,Rewind 2016,YouTube Rewind: The Ultimate 2016 Challenge | #YouTubeRewind,236654813,3904159,563822,0.0,neutral
random dog,If Minecraft isn’t in YouTube rewind 2019 then I’ll jump off a cliff,Rewind 2016,YouTube Rewind: The Ultimate 2016 Challenge | #YouTubeRewind,236654813,3904159,563822,0.0,neutral
sea viper,Wish we could turn back time.. To the good ol' days,Rewind 2016,YouTube Rewind: The Ultimate 2016 Challenge | #YouTubeRewind,236654813,3904159,563822,0.35,positive
oOferGang xD,"YouTube in YouTube rewind 2019: “Last rewind we made something that you didn’t like. So this year let’s make something you DID like.”

Me: looking how bad YouTube rewind 2019 is then coming back to this beautiful creation",Rewind 2016,YouTube Rewind: The Ultimate 2016 Challenge | #YouTubeRewind,236654813,3904159,563822,0.03750000000000003,positive
Dipqi Ghozali,BETTER THAN 2017 & 2018 !!!!,Rewind 2016,YouTube Rewind: The Ultimate 2016 Challenge | #YouTubeRewind,236654813,3904159,563822,1.0,positive
vRewind,"Suggestion cause you all probably listen:



Make 2020 like this",Rewind 2016,YouTube Rewind: The Ultimate 2016 Challenge | #YouTubeRewind,236654813,3904159,563822,0.0,neutral
Tim,If there isn’t pewds in 2019 I’m quitting YouTube,Rewind 2016,YouTube Rewind: The Ultimate 2016 Challenge | #YouTubeRewind,236654813,3904159,563822,0.0,neutral
Taylor Playz,MORESIDEMEN FANS LIKE👇🏻,Rewind 2016,YouTube Rewind: The Ultimate 2016 Challenge | #YouTubeRewind,236654813,3904159,563822,0.0,neutral
lakshya dhama,Who is here after 2019 worst rewind to appreciate this one,Rewind 2016,YouTube Rewind: The Ultimate 2016 Challenge | #YouTubeRewind,236654813,3904159,563822,-1.0,negative
KemitDaDawg,I came here to refresh my eyes after watching the 2018 one,Rewind 2016,YouTube Rewind: The Ultimate 2016 Challenge | #YouTubeRewind,236654813,3904159,563822,0.0,neutral
Axel Chacon.R,Like si te lo recomendó YouTube en 2020,Rewind 2016,YouTube Rewind: The Ultimate 2016 Challenge | #YouTubeRewind,236654813,3904159,563822,0.0,neutral
Predo Child,"how to get a lot of likes under your comment? :

all you have to do is write something nostalgic and offend YT rewind 2019",Rewind 2016,YouTube Rewind: The Ultimate 2016 Challenge | #YouTubeRewind,236654813,3904159,563822,-0.5,negative
The Dark Knight,One of the rare rewinds that don't have more dislikes than likes.,Rewind 2016,YouTube Rewind: The Ultimate 2016 Challenge | #YouTubeRewind,236654813,3904159,563822,0.4,positive
FDHappy,"2019 should have PewDiePies 100mio subs, the comeback of Minecraft and old Town Road. And creeper aw man. Don't forget that 😂",Rewind 2016,YouTube Rewind: The Ultimate 2016 Challenge | #YouTubeRewind,236654813,3904159,563822,0.1,positive
juice,This is a lot better than the 2018 rewind R.I.P,Rewind 2016,YouTube Rewind: The Ultimate 2016 Challenge | #YouTubeRewind,236654813,3904159,563822,0.5,positive
The Gustavo,Like si quieres que el YouTube rewind debería ser haci otra vez,Rewind 2016,YouTube Rewind: The Ultimate 2016 Challenge | #YouTubeRewind,236654813,3904159,563822,0.0,neutral
Nemo,"Who’s her from sidemen video



Me👇🏽😝😝",Rewind 2016,YouTube Rewind: The Ultimate 2016 Challenge | #YouTubeRewind,236654813,3904159,563822,0.0,neutral
Ryder,"When you look back at old YouTube rewinds and be like ""Oh duh bottle flips....""",Rewind 2016,YouTube Rewind: The Ultimate 2016 Challenge | #YouTubeRewind,236654813,3904159,563822,-0.06666666666666667,negative
Dangamer89OMG,like si viste al rubius :v,Rewind 2016,YouTube Rewind: The Ultimate 2016 Challenge | #YouTubeRewind,236654813,3904159,563822,0.0,neutral
Gaurav Mehta,The good old days when fortnite never existed,Rewind 2016,YouTube Rewind: The Ultimate 2016 Challenge | #YouTubeRewind,236654813,3904159,563822,0.39999999999999997,positive
Yara Abinassif,Who came to watch this after watching the 2019 rewind?,Rewind 2016,YouTube Rewind: The Ultimate 2016 Challenge | #YouTubeRewind,236654813,3904159,563822,0.0,neutral
Bobbycat GT,I wonder how will 2019 rewind will be...Probably Worse lol,Rewind 2016,YouTube Rewind: The Ultimate 2016 Challenge | #YouTubeRewind,236654813,3904159,563822,0.2,positive
Dipalee Tulaskar,Here after 2019 crappy rewind,Rewind 2016,YouTube Rewind: The Ultimate 2016 Challenge | #YouTubeRewind,236654813,3904159,563822,0.0,neutral
grace diane.,"i actually loved this one. & considering i’m commenting this in 2019, i can safely say i’ve seen the true gates of youtube rewind hell-",Rewind 2016,YouTube Rewind: The Ultimate 2016 Challenge | #YouTubeRewind,236654813,3904159,563822,0.5166666666666666,positive
CuteWitoPotato,"When Rewinds were actually good
-Pewdiepie
-Dan and Phil (Phan)
-No Paul brothers 
-Youtubers that we actually know
-Memes
-Decent music
-makes sense and isn’t completely cringe",Rewind 2016,YouTube Rewind: The Ultimate 2016 Challenge | #YouTubeRewind,236654813,3904159,563822,0.24166666666666664,positive
MECHA Martin,"This one is literally far better than 2018 and 2019 

What you expect is real and great than today",Rewind 2016,YouTube Rewind: The Ultimate 2016 Challenge | #YouTubeRewind,236654813,3904159,563822,0.4,positive
retracted,Dwayne Johnson: The next JOJO antagonist.,Rewind 2016,YouTube Rewind: The Ultimate 2016 Challenge | #YouTubeRewind,236654813,3904159,563822,0.0,neutral
TheZap,1:32 Eso es lo que dije cuando mire el YouTube Rewind 2019,Rewind 2016,YouTube Rewind: The Ultimate 2016 Challenge | #YouTubeRewind,236654813,3904159,563822,0.0,neutral
B l e a c h e d,"Who's here after being disappointed by YouTube 2019?! 
SUB 2 PewDiePie!!",Rewind 2016,YouTube Rewind: The Ultimate 2016 Challenge | #YouTubeRewind,236654813,3904159,563822,-1.0,negative
Myrto p,Im just liking every comment that talks about how trashy the 2018 rewind was,Rewind 2016,YouTube Rewind: The Ultimate 2016 Challenge | #YouTubeRewind,236654813,3904159,563822,0.0,neutral
Byganesh,who's here crying at this because 2016 was the best year of the entire humanity,Rewind 2016,YouTube Rewind: The Ultimate 2016 Challenge | #YouTubeRewind,236654813,3904159,563822,0.26666666666666666,positive
coquibear gacha,Why couldn't they do something like this for 2019?,Rewind 2016,YouTube Rewind: The Ultimate 2016 Challenge | #YouTubeRewind,236654813,3904159,563822,0.0,neutral
Wesley Mcspadden,"What a coincidence when after they hired a different Director, that the rewinds After this one gotten worse and worse.",Rewind 2016,YouTube Rewind: The Ultimate 2016 Challenge | #YouTubeRewind,236654813,3904159,563822,-0.26666666666666666,negative
muhamad Kathrada,When YouTube rewind was actually good,Rewind 2016,YouTube Rewind: The Ultimate 2016 Challenge | #YouTubeRewind,236654813,3904159,563822,0.7,positive
Selim Eren,No fortnite no ninja no K-pop no 2018 good old 2016 RIP,Rewind 2016,YouTube Rewind: The Ultimate 2016 Challenge | #YouTubeRewind,236654813,3904159,563822,0.39999999999999997,positive
mona,"Who came here after 2019 rewind? 
What do you think of 2019 rewind?",Rewind 2016,YouTube Rewind: The Ultimate 2016 Challenge | #YouTubeRewind,236654813,3904159,563822,0.0,neutral
Olive UwU,"Bet, YouTube Rewind
Songs:
Senorita
Old town road
Creeper aw man I think
Trends:
wait...
idk 
to tired to care about trends in 2019",Rewind 2016,YouTube Rewind: The Ultimate 2016 Challenge | #YouTubeRewind,236654813,3904159,563822,-0.15000000000000002,negative
Anzei Mitsuing,This is a kinda weird question but who is watching in  2020?,Rewind 2016,YouTube Rewind: The Ultimate 2016 Challenge | #YouTubeRewind,236654813,3904159,563822,-0.5,negative
gianina daly Rojas,"This is a rewind😏
Not 2019 . 



Bye",Rewind 2016,YouTube Rewind: The Ultimate 2016 Challenge | #YouTubeRewind,236654813,3904159,563822,0.0,neutral
Roseローズ,"2016 : actually good
2017 : actually average
2018 : actually cringe 
2019 : ah sh!t , here we go again",Rewind 2016,YouTube Rewind: The Ultimate 2016 Challenge | #YouTubeRewind,236654813,3904159,563822,0.18333333333333332,positive
Sylvie Kokoa,"2:46 besides willyrex, everyone’s controllers were turned off lol",Rewind 2016,YouTube Rewind: The Ultimate 2016 Challenge | #YouTubeRewind,236654813,3904159,563822,0.8,positive
ollie cribb,Who else be watching these to get ready for this year's one,Rewind 2016,YouTube Rewind: The Ultimate 2016 Challenge | #YouTubeRewind,236654813,3904159,563822,0.2,positive
Fanny Montañez,"Sin duda, este mejor que el de 2019.",Rewind 2016,YouTube Rewind: The Ultimate 2016 Challenge | #YouTubeRewind,236654813,3904159,563822,0.0,neutral
That Kidd,This rewind actually has more likes than dislikes,Rewind 2016,YouTube Rewind: The Ultimate 2016 Challenge | #YouTubeRewind,236654813,3904159,563822,0.25,positive
ShyGuy,".Good music
.Not a bunch of cringe
.No political message

Just how it should be",Rewind 2016,YouTube Rewind: The Ultimate 2016 Challenge | #YouTubeRewind,236654813,3904159,563822,0.0,neutral
Harry Matlock,The last good rewind no high hopes for 2019,Rewind 2016,YouTube Rewind: The Ultimate 2016 Challenge | #YouTubeRewind,236654813,3904159,563822,0.20666666666666667,positive
Pamela UwU,Por qué YT me recomienda esto en 2019?,Rewind 2016,YouTube Rewind: The Ultimate 2016 Challenge | #YouTubeRewind,236654813,3904159,563822,0.0,neutral
00Farhan00,Pray for 2020🥺🥺,Rewind 2016,YouTube Rewind: The Ultimate 2016 Challenge | #YouTubeRewind,236654813,3904159,563822,0.0,neutral
Kevin Fire random,Donde quedaron estos rewin like si los extrañas,Rewind 2016,YouTube Rewind: The Ultimate 2016 Challenge | #YouTubeRewind,236654813,3904159,563822,0.0,neutral
BPstuff,Honestly this was the last decent YouTube Rewind,Rewind 2016,YouTube Rewind: The Ultimate 2016 Challenge | #YouTubeRewind,236654813,3904159,563822,0.25555555555555554,positive
lulu melo,"Español?
2019??👍",Rewind 2016,YouTube Rewind: The Ultimate 2016 Challenge | #YouTubeRewind,236654813,3904159,563822,0.0,neutral
Spider Red,I came here from rewind 2019😢😢,Rewind 2016,YouTube Rewind: The Ultimate 2016 Challenge | #YouTubeRewind,236654813,3904159,563822,0.0,neutral
kizuna nanimations,1:41 behold our legend,Rewind 2016,YouTube Rewind: The Ultimate 2016 Challenge | #YouTubeRewind,236654813,3904159,563822,0.0,neutral
Popcorn Eatz,"No one



Not a single living soul:


""I KNOW ALL THESE ""Youtubers""



(Disclaimer i dont even know if most of them are youtubers or not :/)",Rewind 2016,YouTube Rewind: The Ultimate 2016 Challenge | #YouTubeRewind,236654813,3904159,563822,0.09523809523809523,positive
abby jones,"lmao

2016: 500k dislikes in 2 years
2018: 13mil dislikes in 2weeks",Rewind 2016,YouTube Rewind: The Ultimate 2016 Challenge | #YouTubeRewind,236654813,3904159,563822,0.6,positive
Osmel Alexander Polanco Vargas,"2016: juegagerman and pewdiepie                   
2019: badabun and t series",Rewind 2016,YouTube Rewind: The Ultimate 2016 Challenge | #YouTubeRewind,236654813,3904159,563822,0.0,neutral
Khmer Global Karaoke,"If the rewinds has less dislikes




They were very good",Rewind 2016,YouTube Rewind: The Ultimate 2016 Challenge | #YouTubeRewind,236654813,3904159,563822,0.37166666666666665,positive
harley quinn,Ah yes the year when everyone was Harley Quinn,Rewind 2016,YouTube Rewind: The Ultimate 2016 Challenge | #YouTubeRewind,236654813,3904159,563822,0.0,neutral
Joy Chowdhury,3:44 EVEN BACK THEN WASSABI STILL LOOKED LIKE A CLOWN 🤣🤣🤣🤣,Rewind 2016,YouTube Rewind: The Ultimate 2016 Challenge | #YouTubeRewind,236654813,3904159,563822,0.0,neutral
Cameogtricky,I guess you just got disappointed by rewind 2018,Rewind 2016,YouTube Rewind: The Ultimate 2016 Challenge | #YouTubeRewind,236654813,3904159,563822,-0.75,negative
Lil Abdulnoodles,"2016: this rewind is kinda whack 

2020: god take me back to the good times",Rewind 2016,YouTube Rewind: The Ultimate 2016 Challenge | #YouTubeRewind,236654813,3904159,563822,0.35,positive
Jecjec Benter,"uhm before Youtube Rewind 2019 is released, I just wanna say, this would still be the most decent one😂",Rewind 2016,YouTube Rewind: The Ultimate 2016 Challenge | #YouTubeRewind,236654813,3904159,563822,0.3333333333333333,positive
Tianna Mars,After watching 2019 I came back to this and it actually has more likes and dislikes and it starts with a fanny pack,Rewind 2016,YouTube Rewind: The Ultimate 2016 Challenge | #YouTubeRewind,236654813,3904159,563822,0.16666666666666666,positive
Satins glabella,Daniel Howell better get a highlight in 2019 rewind and Shane Dawson,Rewind 2016,YouTube Rewind: The Ultimate 2016 Challenge | #YouTubeRewind,236654813,3904159,563822,0.5,positive
shnoosh,"remember when we all thought  this was terrible?





none of us knew what came the year after.",Rewind 2016,YouTube Rewind: The Ultimate 2016 Challenge | #YouTubeRewind,236654813,3904159,563822,-1.0,negative
Bee Diverse,"Ideas for Youtube 2019 rewind 
Stan lee
Stephen Hilburg
Endgame 
Pewdiepie",Rewind 2016,YouTube Rewind: The Ultimate 2016 Challenge | #YouTubeRewind,236654813,3904159,563822,0.0,neutral
Narva,When Youtube rewind was a real rewind,Rewind 2016,YouTube Rewind: The Ultimate 2016 Challenge | #YouTubeRewind,236654813,3904159,563822,0.2,positive
gavin invictus,"""2:45 BEGIN!!!""",Rewind 2016,YouTube Rewind: The Ultimate 2016 Challenge | #YouTubeRewind,236654813,3904159,563822,0.0,neutral
August Childers,"Oh god I remember when I was like “this is really bad”. Oh honey, you’ve got a big storm comin",Rewind 2016,YouTube Rewind: The Ultimate 2016 Challenge | #YouTubeRewind,236654813,3904159,563822,-0.3499999999999999,negative
CharmanderTC,"20% of comments:
Actually in 2016


80% of comments: 
Here I escape the depths of hell which is called YouTube Rewind 2018",Rewind 2016,YouTube Rewind: The Ultimate 2016 Challenge | #YouTubeRewind,236654813,3904159,563822,0.0,neutral
MaxRyn,Anyone here from moresidemen😂,Rewind 2016,YouTube Rewind: The Ultimate 2016 Challenge | #YouTubeRewind,236654813,3904159,563822,0.0,neutral
Molly Siegel,im here after 2019 (watchmojo),Rewind 2016,YouTube Rewind: The Ultimate 2016 Challenge | #YouTubeRewind,236654813,3904159,563822,0.0,neutral
Abril Albarracín,2019 : missasinfonia plis,Rewind 2016,YouTube Rewind: The Ultimate 2016 Challenge | #YouTubeRewind,236654813,3904159,563822,0.0,neutral
VEREST,С новым 2020 годом 31.12.2019 !23 : 41!,Rewind 2016,YouTube Rewind: The Ultimate 2016 Challenge | #YouTubeRewind,236654813,3904159,563822,0.0,neutral
Taz Network,everyone’s here cus it’s way better than the 2017 one haha,Rewind 2016,YouTube Rewind: The Ultimate 2016 Challenge | #YouTubeRewind,236654813,3904159,563822,0.35,positive
Christianz Creationz,"This is what youtube rewind was about😭 
This was always the best",Rewind 2016,YouTube Rewind: The Ultimate 2016 Challenge | #YouTubeRewind,236654813,3904159,563822,1.0,positive
Tiffany Playz,"Need to be 2019 rewind:
PewDiePie
Mr Beast
James Charles (background music bad guy by Billie Eilish)
Fake Alien For the Area 51 ""raid"" (naruto runs past James charles)
Kylie Jenner (make sure she says rise and shine)
Etc (I can't think of anymore, but if you can... reply to this comment!)",Rewind 2016,YouTube Rewind: The Ultimate 2016 Challenge | #YouTubeRewind,236654813,3904159,563822,-0.21499999999999994,negative
Maleeh KT,"This makes me feel good, after seeing the YouTube rewind 2019!",Rewind 2016,YouTube Rewind: The Ultimate 2016 Challenge | #YouTubeRewind,236654813,3904159,563822,0.875,positive
henryplaysallday,"Me: Hey wanna see YT rewind 2018? 
Others: F NO MATE",Rewind 2016,YouTube Rewind: The Ultimate 2016 Challenge | #YouTubeRewind,236654813,3904159,563822,0.0,neutral
Cosmico,"YouTube rewind 2016: 532k dislikes in 2 years

YouTube rewind 2018: 5.9M dislikes in 2 days",Rewind 2016,YouTube Rewind: The Ultimate 2016 Challenge | #YouTubeRewind,236654813,3904159,563822,0.0,neutral
Darzoft,"Nobody: nostalgic.
Me: ok boomer",Rewind 2016,YouTube Rewind: The Ultimate 2016 Challenge | #YouTubeRewind,236654813,3904159,563822,0.0,neutral
Reliq shubi,Who else thinks this was the best rewind yet,Rewind 2016,YouTube Rewind: The Ultimate 2016 Challenge | #YouTubeRewind,236654813,3904159,563822,1.0,positive
ISAACPLAYS 11,Who’s here after watching the sidemen Saturday video,Rewind 2016,YouTube Rewind: The Ultimate 2016 Challenge | #YouTubeRewind,236654813,3904159,563822,0.0,neutral
ArySilvi 98,Who remember this beautiful moments..?,Rewind 2016,YouTube Rewind: The Ultimate 2016 Challenge | #YouTubeRewind,236654813,3904159,563822,0.85,positive
AwesomeGuy Peter,Who Came Here after Youtube Rewind 2017?:)😂,Rewind 2016,YouTube Rewind: The Ultimate 2016 Challenge | #YouTubeRewind,236654813,3904159,563822,0.0,neutral
TheDeadMeme27,"Guys I'm from the future. you have to trust me, okay? 
now listen, 2019 YT rewind was absolutely and unbelievably horrible. please save yourself from the unseeable.",Rewind 2016,YouTube Rewind: The Ultimate 2016 Challenge | #YouTubeRewind,236654813,3904159,563822,-0.07500000000000001,negative
FJR AR,"2:58 ""Hodor, hold the door""",Rewind 2016,YouTube Rewind: The Ultimate 2016 Challenge | #YouTubeRewind,236654813,3904159,563822,0.0,neutral
Tankyy,When times were simpler 😢,Rewind 2016,YouTube Rewind: The Ultimate 2016 Challenge | #YouTubeRewind,236654813,3904159,563822,0.0,neutral
Jin,Uhm I hope 2019's YT Rewind would have the same amount if likes and dislikes periodt.,Rewind 2016,YouTube Rewind: The Ultimate 2016 Challenge | #YouTubeRewind,236654813,3904159,563822,0.0,neutral
Esra Marwa,"It gets worse an worse every year... im scared for 2019...


Ps I'm a small YouTuber  :)",Rewind 2016,YouTube Rewind: The Ultimate 2016 Challenge | #YouTubeRewind,236654813,3904159,563822,-0.1375,negative
Itz Yadi,Dude in my opinion this is the best rewind YouTube has ever made so far,Rewind 2016,YouTube Rewind: The Ultimate 2016 Challenge | #YouTubeRewind,236654813,3904159,563822,0.55,positive
groggy 14,Who else went here to check the answer for the video on MoreSidemen?,Rewind 2016,YouTube Rewind: The Ultimate 2016 Challenge | #YouTubeRewind,236654813,3904159,563822,0.0,neutral
Blazing Phantom,"At least better than 2018






I'm thinking how would be the 2019 rewind",Rewind 2016,YouTube Rewind: The Ultimate 2016 Challenge | #YouTubeRewind,236654813,3904159,563822,0.1,positive
KageYT,came from sidemen,Rewind 2016,YouTube Rewind: The Ultimate 2016 Challenge | #YouTubeRewind,236654813,3904159,563822,0.0,neutral
Gema Diaz,:( A good rewind no like the 2019 🤮🤮,Rewind 2016,YouTube Rewind: The Ultimate 2016 Challenge | #YouTubeRewind,236654813,3904159,563822,-0.025000000000000022,negative
JOSE FRANCISCO LUCIO TORRES,Lo veo en 2020 purque me siento muy desepcionada del del 2019 f :'v,Rewind 2016,YouTube Rewind: The Ultimate 2016 Challenge | #YouTubeRewind,236654813,3904159,563822,0.0,neutral
The One,Ahhh yes when the reign of bad YouTube rewinds started,Rewind 2016,YouTube Rewind: The Ultimate 2016 Challenge | #YouTubeRewind,236654813,3904159,563822,-0.6999999999999998,negative
chill bruh,"This was the only best YouTube rewind ever made!!
Agree?",Rewind 2016,YouTube Rewind: The Ultimate 2016 Challenge | #YouTubeRewind,236654813,3904159,563822,0.5,positive
Sole,I‘m here to clean my eyes after watching 2018rewind,Rewind 2016,YouTube Rewind: The Ultimate 2016 Challenge | #YouTubeRewind,236654813,3904159,563822,0.3666666666666667,positive
Melii Coffee,Cuando YouTube hacía buenos rewind 😭😭😭✌🏼✌🏼✌🏼,Rewind 2016,YouTube Rewind: The Ultimate 2016 Challenge | #YouTubeRewind,236654813,3904159,563822,0.0,neutral
Cady Heron,The last GOOD YouTube rewind,Rewind 2016,YouTube Rewind: The Ultimate 2016 Challenge | #YouTubeRewind,236654813,3904159,563822,0.35,positive
• Lucy,The best rewind 🔥,Rewind 2016,YouTube Rewind: The Ultimate 2016 Challenge | #YouTubeRewind,236654813,3904159,563822,1.0,positive
Lina Illoul,When Youtube Rewind was actually good,Rewind 2016,YouTube Rewind: The Ultimate 2016 Challenge | #YouTubeRewind,236654813,3904159,563822,0.7,positive
Mystro 2k,Anyone here after the trash youtube rewind 2017 came out?,Rewind 2016,YouTube Rewind: The Ultimate 2016 Challenge | #YouTubeRewind,236654813,3904159,563822,0.0,neutral
Johnatan Lozano,youtube antes de la tragedia :(,Rewind 2016,YouTube Rewind: The Ultimate 2016 Challenge | #YouTubeRewind,236654813,3904159,563822,-0.75,negative
Ash,Just casually looking back at the good times,Rewind 2016,YouTube Rewind: The Ultimate 2016 Challenge | #YouTubeRewind,236654813,3904159,563822,0.06666666666666661,positive
Mustafa Hassan,When YouTube wasn’t lazy....,Rewind 2016,YouTube Rewind: The Ultimate 2016 Challenge | #YouTubeRewind,236654813,3904159,563822,-0.25,negative
KC Wu,"This was way better than 2018's, and I agree with anybody who says 2019 Rewind was better too.",Rewind 2016,YouTube Rewind: The Ultimate 2016 Challenge | #YouTubeRewind,236654813,3904159,563822,0.5,positive
Owi,we should've been more grateful for these old rewinds...,Rewind 2016,YouTube Rewind: The Ultimate 2016 Challenge | #YouTubeRewind,236654813,3904159,563822,0.3,positive
Snacc,I really appreciate this after seeing 2018 and 2019's ...,Rewind 2016,YouTube Rewind: The Ultimate 2016 Challenge | #YouTubeRewind,236654813,3904159,563822,0.2,positive
HD SHAD3Y,When youtube rewind was actually good What happened?,Rewind 2016,YouTube Rewind: The Ultimate 2016 Challenge | #YouTubeRewind,236654813,3904159,563822,0.7,positive
IzGotzKillz 123,Justin Bieber: I'm sorry (for 2019),Rewind 2016,YouTube Rewind: The Ultimate 2016 Challenge | #YouTubeRewind,236654813,3904159,563822,-0.5,negative
Todd Howard,1:33 I totally forgot Trevor and the Daily Show crew were on this,Rewind 2016,YouTube Rewind: The Ultimate 2016 Challenge | #YouTubeRewind,236654813,3904159,563822,0.0,neutral
Justin Caraballo,2018 was so bad I had to revisit 2016 real quick,Rewind 2016,YouTube Rewind: The Ultimate 2016 Challenge | #YouTubeRewind,236654813,3904159,563822,-0.09999999999999992,negative
Pikachu,Estos eran rewind de verdad,Rewind 2016,YouTube Rewind: The Ultimate 2016 Challenge | #YouTubeRewind,236654813,3904159,563822,0.0,neutral
p0siden,SO OG miss the old times :(,Rewind 2016,YouTube Rewind: The Ultimate 2016 Challenge | #YouTubeRewind,236654813,3904159,563822,-0.325,negative
Obviously Ferrets,Who else is just going on a YouTube rewind marathon to see if there is actually a decent rewind?,Rewind 2016,YouTube Rewind: The Ultimate 2016 Challenge | #YouTubeRewind,236654813,3904159,563822,0.16666666666666666,positive
Albert Putra,"I Miss These Days, Hope i Can Turn Back Time",Rewind 2016,YouTube Rewind: The Ultimate 2016 Challenge | #YouTubeRewind,236654813,3904159,563822,0.0,neutral
bobby Kyna,"""So guys, apparently we control rewind this year. What do we do?""",Rewind 2016,YouTube Rewind: The Ultimate 2016 Challenge | #YouTubeRewind,236654813,3904159,563822,0.05,positive
Ana Jakovljević,we need the guy at 1:42 in 2019,Rewind 2016,YouTube Rewind: The Ultimate 2016 Challenge | #YouTubeRewind,236654813,3904159,563822,0.0,neutral
Michael C.L. Zhou,"2016: Rewind YT culture
2018/19: Rewind YT most likes video/s**t




YouTube, we all love the culture. We all want to get a rewind 2020 that ""rewind"" the rewind videos so far you've posted on this video platform.",Rewind 2016,YouTube Rewind: The Ultimate 2016 Challenge | #YouTubeRewind,236654813,3904159,563822,0.3666666666666667,positive
cati gamer :3,"2015:Me encanta
2016: :)
2017 : Esto el cool
2018: ok
2019:Puro fornite :V",Rewind 2016,YouTube Rewind: The Ultimate 2016 Challenge | #YouTubeRewind,236654813,3904159,563822,0.45,positive
Ella Nina Mazzucco,I’m watching this in 2019 and this is still my favourite YouTube Rewind video,Rewind 2016,YouTube Rewind: The Ultimate 2016 Challenge | #YouTubeRewind,236654813,3904159,563822,0.0,neutral
Scott Arcement,"2016: This is awful
2019: This is fine",Rewind 2016,YouTube Rewind: The Ultimate 2016 Challenge | #YouTubeRewind,236654813,3904159,563822,-0.29166666666666663,negative
Rajib chetry,The best YouTube rewind I have ever seen ♥️♥️,Rewind 2016,YouTube Rewind: The Ultimate 2016 Challenge | #YouTubeRewind,236654813,3904159,563822,1.0,positive
Comfy Angel! :3,"This by far 100% my favorite YouTube rewind! I like the way they included my main fav you tubers 💖🌸😅, wish they still made them like this it's just a huge celebration and it would be so fun!",Rewind 2016,YouTube Rewind: The Ultimate 2016 Challenge | #YouTubeRewind,236654813,3904159,563822,0.33333333333333337,positive
TheZap,2:44 Didn’t even realize my boi dashie was in here  LOOK AT HIM,Rewind 2016,YouTube Rewind: The Ultimate 2016 Challenge | #YouTubeRewind,236654813,3904159,563822,0.0,neutral
Ridip Das,"After watching the terrible 2018 rewind I'm going through all the previous rewinds, anyone else here doing the same",Rewind 2016,YouTube Rewind: The Ultimate 2016 Challenge | #YouTubeRewind,236654813,3904159,563822,-0.3888888888888889,negative
Emmazz,"When i saw this-
2016:nah
2017:nope
2018:no way
2019:not yet
2020: HeY ChEcK Out 2016",Rewind 2016,YouTube Rewind: The Ultimate 2016 Challenge | #YouTubeRewind,236654813,3904159,563822,0.0,neutral
Mysterious,1:42 the best part,Rewind 2016,YouTube Rewind: The Ultimate 2016 Challenge | #YouTubeRewind,236654813,3904159,563822,1.0,positive
María José Nué Gutiérrez,1:55 I came cause that moment,Rewind 2016,YouTube Rewind: The Ultimate 2016 Challenge | #YouTubeRewind,236654813,3904159,563822,0.0,neutral
Chloe Massie,5:27 you can just tell their Australians 😂😂,Rewind 2016,YouTube Rewind: The Ultimate 2016 Challenge | #YouTubeRewind,236654813,3904159,563822,0.0,neutral
Codinhammer,"Remember when YouTube put PewDiePie in YouTube rewind?
“Yea, I ‘member”",Rewind 2016,YouTube Rewind: The Ultimate 2016 Challenge | #YouTubeRewind,236654813,3904159,563822,0.0,neutral
elizabeth haley,"2016 me: ew
2019 me: this is actually pretty good",Rewind 2016,YouTube Rewind: The Ultimate 2016 Challenge | #YouTubeRewind,236654813,3904159,563822,0.475,positive
Mr. Blue,You're hear to compare with the YouTube rewind 2019,Rewind 2016,YouTube Rewind: The Ultimate 2016 Challenge | #YouTubeRewind,236654813,3904159,563822,0.0,neutral
Praxina TheVitta,This is my favorite rewind! ❤️,Rewind 2016,YouTube Rewind: The Ultimate 2016 Challenge | #YouTubeRewind,236654813,3904159,563822,0.625,positive
Izzy Woods,"4:08


Yess bish",Rewind 2016,YouTube Rewind: The Ultimate 2016 Challenge | #YouTubeRewind,236654813,3904159,563822,0.0,neutral
Njul 17,2018 here?:(,Rewind 2016,YouTube Rewind: The Ultimate 2016 Challenge | #YouTubeRewind,236654813,3904159,563822,-0.75,negative
Severin,"i still come back to this vid, so i can watch good stuff on yt",Rewind 2016,YouTube Rewind: The Ultimate 2016 Challenge | #YouTubeRewind,236654813,3904159,563822,0.35,positive
vroomy woomy,0:42 drug addicts when they sniff cocaine,Rewind 2016,YouTube Rewind: The Ultimate 2016 Challenge | #YouTubeRewind,236654813,3904159,563822,0.0,neutral
Joy Chowdhury,"The last good rewind imo.This is what should be included in rewind 2019:
KSI vs Logan Pual
PewDiePie vs T-Series
Mr Beast & his Trees
Minecraft Resurgence
all the sidemen deserve a more intrgrel part",Rewind 2016,YouTube Rewind: The Ultimate 2016 Challenge | #YouTubeRewind,236654813,3904159,563822,0.39999999999999997,positive
Psy Traveler,4:07 Predicted (T-Series),Rewind 2016,YouTube Rewind: The Ultimate 2016 Challenge | #YouTubeRewind,236654813,3904159,563822,0.0,neutral
Jayden Anolin,"If PewDiePie isn’t in Youtube Rewind 2019 we’re dropping the 100M dislikes

2.5k likes !?!?!!??!????!?",Rewind 2016,YouTube Rewind: The Ultimate 2016 Challenge | #YouTubeRewind,236654813,3904159,563822,0.0,neutral
King Kun,Everything related to rewind went downhill after the making of this video,Rewind 2016,YouTube Rewind: The Ultimate 2016 Challenge | #YouTubeRewind,236654813,3904159,563822,0.0,neutral
Miranda Streifel,If a clip from pewdi pies wedding isnt in the 2019 rewind I'm giving up on society,Rewind 2016,YouTube Rewind: The Ultimate 2016 Challenge | #YouTubeRewind,236654813,3904159,563822,0.0,neutral
Chalcedon Sañor,1:49 feels very nostalgic.,Rewind 2016,YouTube Rewind: The Ultimate 2016 Challenge | #YouTubeRewind,236654813,3904159,563822,-0.65,negative
Familia Kawaii 888,"This is the best youtube rewind, change my mind",Rewind 2016,YouTube Rewind: The Ultimate 2016 Challenge | #YouTubeRewind,236654813,3904159,563822,1.0,positive
Mahamdou Camara,"Who's here after watching the horrible 2017 rewind to satisfy your mind from the horror you just witness?
Edit: JESUS 2.7k LIKES JESUS CHRIST........THXS 😂😂😂",Rewind 2016,YouTube Rewind: The Ultimate 2016 Challenge | #YouTubeRewind,236654813,3904159,563822,-1.0,negative
Parvathy Prakash,2019 YouTube rewind video was inspired from 'WatchMojo's top 10 videos'😒,Rewind 2016,YouTube Rewind: The Ultimate 2016 Challenge | #YouTubeRewind,236654813,3904159,563822,0.5,positive
TONY play,My favorite 1:55,Rewind 2016,YouTube Rewind: The Ultimate 2016 Challenge | #YouTubeRewind,236654813,3904159,563822,0.5,positive
dERPYtHANOS,I think this will be the last time we'll see a good YouTube rewind,Rewind 2016,YouTube Rewind: The Ultimate 2016 Challenge | #YouTubeRewind,236654813,3904159,563822,0.35,positive
Adv Shahanaj Panna,3:29 i love u wengie!!!,Rewind 2016,YouTube Rewind: The Ultimate 2016 Challenge | #YouTubeRewind,236654813,3904159,563822,0.9765625,positive
Abigail Woolls,At this point we all know why we are here,Rewind 2016,YouTube Rewind: The Ultimate 2016 Challenge | #YouTubeRewind,236654813,3904159,563822,0.0,neutral
Vincent Meade,This is cringe but it didn't screw over pewdiepie so I like it,Rewind 2016,YouTube Rewind: The Ultimate 2016 Challenge | #YouTubeRewind,236654813,3904159,563822,0.0,neutral
Alvin Gusting 2.0,"We need most in Rewind 2019:
Old Town Road
Pewdiepie
Pewdiepie Vs T Series
Pewdiepie married
Mrbeast
Minecraft
Fornite 
Creeper Aww Man
I Don't care Ed Sheeran and Justin Bieber
Marshmello
Bad Guy Bilie Eillsh
 
KyoAni Animation anime like:
Nichijou
Lucky Star
K-on
Haruni Suzumiya
Hyouka
And more

My Hero Academia 
Smosh
Nigahiga
10,000 hours Dan + Shay & Justin Bieber
Congratulations pewdiepie
Justin Bieber
Alan Walker
Area 51
The Chainsmokers
Ariana Grande
Cartoon Network
Dragon Ball Z
Memories maroon 5
Shaggy Ultra Instinct
Konosuba
Slushii
Ed Sheeran 
Charlie puth
Naruto and Boruto
King Vader
Fire Force Op1 inferno
Sven, Joregen, Jeb, Benget, Sven Bf, Bird, DJ Cow and More


And anything else more in rewind 2019 I hope 2019 was good",Rewind 2016,YouTube Rewind: The Ultimate 2016 Challenge | #YouTubeRewind,236654813,3904159,563822,0.25909090909090915,positive
:DïXxXSMR,1:49 damn imagine the Ksi now,Rewind 2016,YouTube Rewind: The Ultimate 2016 Challenge | #YouTubeRewind,236654813,3904159,563822,0.0,neutral
